spider_images,spider_description,spider_origin,genus_species,spider_link,common_name,order_family
"P1100242b.jpg,0085.jpg,DSC_0801b.jpg,DSC_0825b.jpg,DSC_0789bb.jpg,../DSC_0791bb.jpg,DSC_0820b.jpg,DSC_0818bb.jpg,ad_f_6674.jpg,ad_f_6677.jpg",Back to,,Agelenopsis sp.,http://mamba.bio.uci.edu/~pjbryant/biodiv/spiders/../Other%20Arachnids/Desert%20Harvestman.htm,,
IMG_0472b.jpg,Back toBack to,,,http://mamba.bio.uci.edu/~pjbryant/biodiv/spiders/../Other%20Arachnids/Desert%20Harvestman.htm,Funnel Weaver Spider,
IMG_1343.jpg,,,,http://mamba.bio.uci.edu/~pjbryant/biodiv/spiders/../Other%20Arachnids/Desert%20Harvestman.htm,Gnaphosid spider,
IMG_1406.jpg,,,,http://mamba.bio.uci.edu/~pjbryant/biodiv/spiders/../Other%20Arachnids/Desert%20Harvestman.htm,Gnaphosid spider,
"DSCF0036b.jpg,DSCF0035b.jpg,ad_p_7570.jpg",Identified by Lenny Vincent Identified by Lenny Vincent,,,http://mamba.bio.uci.edu/~pjbryant/biodiv/spiders/../Other%20Arachnids/Desert%20Harvestman.htm,Ground Spider,
"IMG_7330.jpg,IMG_7331.jpg,IMG_7327.jpg",,,,http://mamba.bio.uci.edu/~pjbryant/biodiv/spiders/../Other%20Arachnids/Desert%20Harvestman.htm,Gnaphosid spider,
"IMG_1596_2b.jpg,IMG_1610b.jpg",,,,http://mamba.bio.uci.edu/~pjbryant/biodiv/spiders/../Other%20Arachnids/Desert%20Harvestman.htm,Ground Spider,
"Scotophaeus1.jpg,aa_5058%20copy.jpg,Scotophaeus blackwalli/F/IMG_5456.jpg,Scotophaeus blackwalli/F/IMG_5452.jpg,Scotophaeus blackwalli/F/IMG_5453.jpg,Scotophaeus blackwalli/F/IMG_5458.jpg,Scotophaeus blackwalli/F/IMG_5461.jpg,Scotophaeus blackwalli/F/IMG_0332.jpg",,,Scotophaeus blackwalli,http://mamba.bio.uci.edu/~pjbryant/biodiv/spiders/../Other%20Arachnids/Desert%20Harvestman.htm,Mouse spider,
"DSCF0008b.jpg,DSCF0006b.jpg,DSCF0006c.jpg,DSCF0002b.jpg,DSCF0012bbbb.jpg,Scotophaeus2.jpg",,,,http://mamba.bio.uci.edu/~pjbryant/biodiv/spiders/../Other%20Arachnids/Desert%20Harvestman.htm,Stealthy Ground Spider,
IMG_1160.jpg,,,,http://mamba.bio.uci.edu/~pjbryant/biodiv/spiders/../Other%20Arachnids/Desert%20Harvestman.htm,Ground Spider,
"IMG_1623b.jpg,IMG_1624b.jpg,IMG_1626b.jpg",,,,http://mamba.bio.uci.edu/~pjbryant/biodiv/spiders/../Other%20Arachnids/Desert%20Harvestman.htm,Ground Spider,
"Callilepis3.jpg,Callilepis1.jpg,Callilepis2.jpg",,,,http://mamba.bio.uci.edu/~pjbryant/biodiv/spiders/../Other%20Arachnids/Desert%20Harvestman.htm,Ground Spider,
Dictynid1.jpg,,,,http://mamba.bio.uci.edu/~pjbryant/biodiv/spiders/../Other%20Arachnids/Desert%20Harvestman.htm,Mesh Web Weaver,Araneae: Dictynidae
"Dysdera4.jpg,Dysdera2.jpg,Dysdera3.jpg,DSCF0024b1.jpg,IMG_4288.jpg,DSCF0019b.jpg,ac_6908.jpg,ac_6916.jpg,ac_6909.jpg,ac_6914.jpg",Back to,,Dysdera crocata,http://mamba.bio.uci.edu/~pjbryant/biodiv/spiders/../Other%20Arachnids/Desert%20Harvestman.htm,,Araneae: Dysderidae
"DSC_0730b.jpg,DSC_0740b.jpg,DSC_0742b.jpg,DSC_0788b.jpg,DSC_0746bb.jpg,DSC_0777b.jpg,DSC_0758b.jpg,DSC_0221b.jpg,DSC_0217b.jpg",,,,http://mamba.bio.uci.edu/~pjbryant/biodiv/spiders/../Other%20Arachnids/Desert%20Harvestman.htm,Gray House Spider,
"IMG_1304.jpg,IMG_1306.jpg,IMG_3910.jpg,IMG_3861.jpg,IMG_3863.jpg,IMG_3865.jpg,IMG_3864.jpg,IMG_3860.jpg,IMG_0716.jpg",,,,http://mamba.bio.uci.edu/~pjbryant/biodiv/spiders/../Other%20Arachnids/Desert%20Harvestman.htm,Mesh Web Weaver,Araneae: Dictynidae
"../spiders/Harvestman2.jpg,../spiders/Harvestman1.jpg,Eurybunus%20immature1.jpg,Eurybunus%20immature2.jpg,Eurybunus%20immature3.jpg,Eurybunus%20immature4.jpg",Back toBack to,,Eurybunus sp.,http://mamba.bio.uci.edu/~pjbryant/biodiv/spiders/../Other%20Arachnids/Desert%20Harvestman.htm,Desert Harvestman,Opiliones: Sclerosomatidae
ab_5083a.jpg,Back toBack to,,,http://mamba.bio.uci.edu/~pjbryant/biodiv/spiders/../Other%20Arachnids/Desert%20Harvestman.htm,,Opiliones: Protolophidae
"Phalangiid2.jpg,Phalangiid4.jpg,Harvestman%20004.JPG,../spiders/Opiliones/1.jpg",Back toBack to,,,http://mamba.bio.uci.edu/~pjbryant/biodiv/spiders/../Other%20Arachnids/Desert%20Harvestman.htm,,Opiliones; suborder Palpatores
"0075.jpg,0074.jpg,Pseudosco%20001.jpg,Pseudosco%20002.jpg,Pseudosco%20003.jpg",Back toBack to,,,http://mamba.bio.uci.edu/~pjbryant/biodiv/spiders/../Other%20Arachnids/Desert%20Harvestman.htm,Pseudoscorpion,Pseudoscorpionidae
"0081.jpg,0082.jpg,0083.jpg,0084.jpg,0078.jpg,eremochelis1b.jpg",,,,http://mamba.bio.uci.edu/~pjbryant/biodiv/spiders/../Other%20Arachnids/Desert%20Harvestman.htm,Sun spider,Solifugidae
Vaejovis%20puritanus1.jpg,,,,http://mamba.bio.uci.edu/~pjbryant/biodiv/spiders/../Other%20Arachnids/Desert%20Harvestman.htm,Scorpion,Scorpionidae: Vaejovidae
"Scorpion%20001.jpg,Scorpion%20002.jpg",,,,http://mamba.bio.uci.edu/~pjbryant/biodiv/spiders/../Other%20Arachnids/Desert%20Harvestman.htm,Scorpion,"Scorpionidae, Chactidae"
"Centruroides1.jpg,Centruroides2.jpg,Centruroides3.jpg",Size: 25mm bl without stinger. Identified by Kari J McWest,,,http://mamba.bio.uci.edu/~pjbryant/biodiv/spiders/../Other%20Arachnids/Desert%20Harvestman.htm,Slender Brown Scorpion,
"P50600271b.jpg,DSC_0536b.jpg,DSC_0530b.jpg,DSC_0103b.jpg,../spiders/scorpion%20IMG_0241.jpg,../spiders/scorpion%20IMG_0245.jpg",,,,http://mamba.bio.uci.edu/~pjbryant/biodiv/spiders/../Other%20Arachnids/Desert%20Harvestman.htm,Burrowing Scorpion,"Scorpionidae, Chactidae"
"0070.jpg,DSC02635.JPG,0071.jpg,0073.jpg,0072.jpg",Back toBack to,,,http://mamba.bio.uci.edu/~pjbryant/biodiv/spiders/../Other%20Arachnids/Desert%20Harvestman.htm,Silvestri's Scorpion,Scorpiones
"SpotMite1.jpg,SpotMite4.jpg,SpotMite5.jpg,../spiders/Tetranychus urticae/1.jpg,../spiders/Tetranychus urticae/2.jpg",,,,http://mamba.bio.uci.edu/~pjbryant/biodiv/spiders/../Other%20Arachnids/Desert%20Harvestman.htm,Two-spotted Spider Mite,Acari: Tetranychidae
"Velvet%20Mites%20(Trombidiidae)002.JPG,Velvet%20Mites%20(Trombidiidae)003.JPG,ae_0308.jpg","Size: 2mm. From Sweep Net at Incredible Edible Park , Orange County, CA. 12-8-06. ©",,,http://mamba.bio.uci.edu/~pjbryant/biodiv/spiders/../Other%20Arachnids/Desert%20Harvestman.htm,,
"DSC_1312b.jpg,DSC_1315b.jpg",,,,http://mamba.bio.uci.edu/~pjbryant/biodiv/spiders/../Other%20Arachnids/Desert%20Harvestman.htm,Mite,
"../spiders/ad_r_5794.jpg,../spiders/ad_r_5776.jpg,../spiders/ad_r_5779.jpg,DSC_0100b.jpg,ad_9084.jpg","Caspers Park, San Juan Capistrano, Orange County, CA. 6-24-06. © , Laguna Beach, Orange County, CA. 5-31-10. © Ron Hemberger",,Balaustium sp.?,http://mamba.bio.uci.edu/~pjbryant/biodiv/spiders/../Other%20Arachnids/Desert%20Harvestman.htm,,; Erythraeidae
"DSC_0925b.jpg,../coleopt/Trachymela/2.jpg","On unidentified beetle (probably Chrysomelid, ) at Shipley Nature Center, Huntington Central Park, Huntington Beach, CA. 12-16-08.",,,http://mamba.bio.uci.edu/~pjbryant/biodiv/spiders/../Other%20Arachnids/Desert%20Harvestman.htm,,Deutonymphs (second instars)
"../spiders/Anystids2b.jpg,../spiders/Anystids3b.jpg",Back toBack to,,,http://mamba.bio.uci.edu/~pjbryant/biodiv/spiders/../Other%20Arachnids/Desert%20Harvestman.htm,,
"Mite2.jpg,Microspider1.jpg","Under bark at Irvine Park, Orange, Orange County, CA. 11/11/06",,,http://mamba.bio.uci.edu/~pjbryant/biodiv/spiders/../Other%20Arachnids/Desert%20Harvestman.htm,,Anystidae
../spiders/DSC_8715b.jpg,,,,http://mamba.bio.uci.edu/~pjbryant/biodiv/spiders/../Other%20Arachnids/Desert%20Harvestman.htm,Rabbit Tick,
,",  Orange County, CA.",,,http://mamba.bio.uci.edu/~pjbryant/biodiv/spiders/../Other%20Arachnids/Desert%20Harvestman.htm,Whirligig Mite,", Anystidae"
"../spiders/DSC_1202b.jpg,../spiders/Ixodes1.jpg",,,Ixodes,http://mamba.bio.uci.edu/~pjbryant/biodiv/spiders/../Other%20Arachnids/Desert%20Harvestman.htm,"Western Black-legged Tick
              (Deer Tick)",
ae_0021.jpg,"emale. Orange County, CA.Back to",,Dermacentor occidentalis,http://mamba.bio.uci.edu/~pjbryant/biodiv/spiders/../Other%20Arachnids/Desert%20Harvestman.htm,,
"Deer%20Ticks%20002.jpg,DSC_1486b.jpg,DSC_1491b.jpg",,,Dermacentor occidentalis,http://mamba.bio.uci.edu/~pjbryant/biodiv/spiders/../Other%20Arachnids/Desert%20Harvestman.htm,,
"DSC_1477b.jpg,DSC_1475b.jpg",Back toBack to,,,http://mamba.bio.uci.edu/~pjbryant/biodiv/spiders/../Other%20Arachnids/Desert%20Harvestman.htm,,
DSC_0579b.jpg,,,,http://mamba.bio.uci.edu/~pjbryant/biodiv/spiders/../Other%20Arachnids/Desert%20Harvestman.htm,,
"DSC_0566b.jpg,DSC_0575b.jpg,DSC_0574b.jpg","Male. Aliso Canyon, Aliso Viejo, Orange County, CA. 01/17/10. ©  .",,,http://mamba.bio.uci.edu/~pjbryant/biodiv/spiders/../Other%20Arachnids/Desert%20Harvestman.htm,,
"IMG_1750.jpg,IMG_1756.jpg,IMG_1820.jpg,Uloborus%20diversus/IMG_4769.jpg,Uloborus%20diversus/IMG_4756.jpg,Uloborus%20diversus/IMG_4765.jpg,Uloborus%20diversus/IMG_0055.jpg,Uloborus%20diversus/IMG_0054.jpg",,,,http://mamba.bio.uci.edu/~pjbryant/biodiv/spiders/../Other%20Arachnids/Desert%20Harvestman.htm,Hackled Orbweaver,
"Crab%20maybe%20Xysticus.jpg,DSC_0807b.jpg,DSC_0810b.jpg,DSC_0814b.jpg,DSC_0816b.jpg,DSC_0833b.jpg,DSC_0835b.jpg,DSCF0066b.jpg,DSCF0067b.jpg",,,,http://mamba.bio.uci.edu/~pjbryant/biodiv/spiders/../Other%20Arachnids/Desert%20Harvestman.htm,,
"ab_3829.jpg,ab_3811.jpg,ab_3814.jpg,ab_8608.jpg",,,,http://mamba.bio.uci.edu/~pjbryant/biodiv/spiders/../Other%20Arachnids/Desert%20Harvestman.htm,,
"Xysticus1.jpg,Xysticus3.jpg,Xysticus4.jpg,Xysticus5.jpg,Xysticus6.jpg,Xysticus8.jpg,Xysticus9.jpg,ad_s_5592.jpg,ad_s_5598.jpg,ad_s_7520.jpg,ad_s_7523.jpg,ad_r_5946.jpg,ad_r_5950.jpg,ad_r_5954.jpg,ad_r_5959.jpg",,,,http://mamba.bio.uci.edu/~pjbryant/biodiv/spiders/../Other%20Arachnids/Desert%20Harvestman.htm,,
"DSC_2080b.jpg,Xysticus%20montanensis/3.jpg,Xysticus%20montanensis/1.jpg,Xysticus%20montanensis/2.jpg,Xysticus%20montanensis/4.jpg,IMG_3116.jpg,Xysticus%20montanensis/5.jpg",,,,http://mamba.bio.uci.edu/~pjbryant/biodiv/spiders/../Other%20Arachnids/Desert%20Harvestman.htm,,
"IMG_2098.jpg,IMG_2099_2.jpg,IMG_2101.jpg,IMG_2095_2.jpg,Xysticus%20californicus85.jpg",,,,http://mamba.bio.uci.edu/~pjbryant/biodiv/spiders/../Other%20Arachnids/Desert%20Harvestman.htm,,
ad_r_6286.jpg,,,,http://mamba.bio.uci.edu/~pjbryant/biodiv/spiders/../Other%20Arachnids/Desert%20Harvestman.htm,,
"aa_4819%20copy.jpg,aa_4816%20copy.jpg",,,,http://mamba.bio.uci.edu/~pjbryant/biodiv/spiders/../Other%20Arachnids/Desert%20Harvestman.htm,,
"Crabb%20017.jpg,Crab%20Spiderr%20001.jpg,Crab%20Spiderr%20007.jpg","Peter's Canyon, Orange, Orange County, CA. 4/7/06. © Ron Hemberger",,,http://mamba.bio.uci.edu/~pjbryant/biodiv/spiders/../Other%20Arachnids/Desert%20Harvestman.htm,,
Flower%20Spiders%20(Misumenops)%20C.jpg,"Irvine Park, Orange, Orange County, CA. 1-13-06. © Ron Hemberger",,,http://mamba.bio.uci.edu/~pjbryant/biodiv/spiders/../Other%20Arachnids/Desert%20Harvestman.htm,,
"Misumenops1.JPG,pppo%20007.JPG,pppo%20008.JPG,Misumenops3.jpg,Misumenops4.jpg,Misumenops2.JPG,DSC_0058b.jpg,DSC_0059b.jpg,Flower%20Spider%20Misumenops%20A%20001.jpg,Flower%20Spider%20Misumenops%20A%20002.jpg",,,,http://mamba.bio.uci.edu/~pjbryant/biodiv/spiders/../Other%20Arachnids/Desert%20Harvestman.htm,,
"ab_3245.JPG,ab_3690.jpg",,,,http://mamba.bio.uci.edu/~pjbryant/biodiv/spiders/../Other%20Arachnids/Desert%20Harvestman.htm,,
"DSCF0012bbb.jpg,Misumena%20prob%20vatia%20001.jpg,Misumena%20prob%20vatia%20002.jpg",", Orange, Orange County, CA. 7-6-06. © Ron Hemberger",,,http://mamba.bio.uci.edu/~pjbryant/biodiv/spiders/../Other%20Arachnids/Desert%20Harvestman.htm,,
0040.jpg,,,,http://mamba.bio.uci.edu/~pjbryant/biodiv/spiders/../Other%20Arachnids/Desert%20Harvestman.htm,,
"DSC_0024b.jpg,DSC_0028b.jpg,DSC_0823b.jpg,DSC_0834b.jpg,aa_8931.jpg,aa_8920.jpg,DSC_0845bb.jpg,DSC_0849b.jpg,aa_8917.jpg,FullCrab%20001.JPG,fullcrab%20002.jpg,FullCrab%20003.JPG,ac_7929.jpg,ac_7916.jpg,ac_7928.jpg,White%20Banded%20Crab%20Spider%20002.JPG,White%20Banded%20Crab%20Spider%20001.JPG,White%20Banded%20Crab%20Spider%20004.JPG,crab%20lalo%20012.JPG,crab%20lalo%20013.JPG,Misumenoides%20formosipes79.jpg",Back to,,Misumenoides formosipes,http://mamba.bio.uci.edu/~pjbryant/biodiv/spiders/../Other%20Arachnids/Desert%20Harvestman.htm,,Araneae: Thomisidae
DSC_0229b.jpg,,,,http://mamba.bio.uci.edu/~pjbryant/biodiv/spiders/../Other%20Arachnids/Desert%20Harvestman.htm,,
"DSC_0058bbbb.jpg,DSC_0059bb.jpg,ab_3198.jpg,Mecaphesa2.jpg,Mecaphesa1.jpg,ad-f_3115.jpg,ad-f_3119.jpg,DSC_2501b.jpg,DSC_2507b.jpg",Back to,,,http://mamba.bio.uci.edu/~pjbryant/biodiv/spiders/../Other%20Arachnids/Desert%20Harvestman.htm,,
"Mecaphesa%20dubia1.jpg,Mecaphesa3.jpg,Mecaphesa4.jpg",Back to Back to,,,http://mamba.bio.uci.edu/~pjbryant/biodiv/spiders/../Other%20Arachnids/Desert%20Harvestman.htm,,
"YellowCrab2.jpg,YellowCrab3.jpg,YellowCrab1.jpg,YellowCrab4.jpg,Flower%20Spiders%20Misumenops%20B%20001.jpg,Yellow%20Crab%20Spider001.jpg,Yellow%20Crab%20Spider002.jpg,Yellow%20Crab%20Spider004.jpg,Yellow%20Crab%20Spider003.jpg,Flower%20Spiders%20Misumenops%20B%20003.jpg,Flower%20Spiders%20Misumenops%20B%20004.jpg,ab_5049.jpg,IMG_1964.jpg,IMG_1963.jpg,IMG_1965.jpg,DSC_2783b.jpg,IMG_3647.jpg,IMG_3645.jpg,IMG_3646.jpg,Flower%20Spiders%20(Misumenops)%20V.JPG",,,,http://mamba.bio.uci.edu/~pjbryant/biodiv/spiders/../Other%20Arachnids/Desert%20Harvestman.htm,,
"IMG_3731b.jpg,IMG_3718b.jpg,IMG_3731d.jpg,IMG_3726b.jpg,IMG_3724b.jpg,IMG_3719b.jpg,IMG_3723b.jpg","Male. Murietta, Riverside Co., CA. 4/22/12. © Lenny Vincent",,,http://mamba.bio.uci.edu/~pjbryant/biodiv/spiders/../Other%20Arachnids/Desert%20Harvestman.htm,,
"DSCF0010b.jpg,DSCF7b.jpg,DSCF0013b.jpg,DSCF013b.jpg,DSCF0011b.jpg,DSCF017b.jpg,DSCF0038b.jpg",© .,,,http://mamba.bio.uci.edu/~pjbryant/biodiv/spiders/../Other%20Arachnids/Desert%20Harvestman.htm,,
"DSCF0005b1.jpg,DSCF0002b2.JPG,DSCF0001b.jpg,DSCF0043b1.jpg,DSCF0013b1.jpg,DSCF0015b.jpg,DSCF0023b1.jpg",Back to,,,http://mamba.bio.uci.edu/~pjbryant/biodiv/spiders/../Other%20Arachnids/Desert%20Harvestman.htm,Long-jawed orb weaver,Araneae: Theridiidae
"Tidarren/Tidarren%20female/IMG_2865.jpg,Tidarren/Tidarren%20female/IMG_2861.jpg,Tidarren/Tidarren%20female/IMG_2858.jpg,Tidarren/Tidarren%20female/IMG_2859.jpg,Tidarren/Tidarren%20female/IMG_2856.jpg,Tidarren/Tidarren%20female/IMG_4055.jpg,Tidarren/Tidarren%20male/IMG_4031.jpg,Tidarren/Tidarren%20male/IMG_4033.jpg,Tidarren/Tidarren%20male/IMG_4048.jpg",Back to,,Tidarren sisyphoides,http://mamba.bio.uci.edu/~pjbryant/biodiv/spiders/../Other%20Arachnids/Desert%20Harvestman.htm,,Araneae: Theridiidae
"Theridion.jpg,IMG_1340.jpg,DSC_1509b.jpg,IMG_2008b.jpg,DSC_1471b.jpg",Back to,,,http://mamba.bio.uci.edu/~pjbryant/biodiv/spiders/../Other%20Arachnids/Desert%20Harvestman.htm,Cobweb Spider,Araneae: Theridiidae
,Back toBack to,,,http://mamba.bio.uci.edu/~pjbryant/biodiv/spiders/../Other%20Arachnids/Desert%20Harvestman.htm,Cobweb spider,
"Steatoda4.jpg,Steatoda1.jpg,DSC_0440b.jpg,DSC_1539b.jpg,DSC_0437b.jpg,DSC_0462b.jpg,DSC_0900b.jpg,DSC_0906b.jpg,Steatoda%20female1.jpg,Steatoda%20female2.jpg,DSC_0854a.jpg,DSC_0857bb.jpg,ad_m_7209.jpg",Back toBack to,,,http://mamba.bio.uci.edu/~pjbryant/biodiv/spiders/../Other%20Arachnids/Desert%20Harvestman.htm,False Black Widow,
"IMG_0543b.jpg,IMG_0543d.jpg,IMG_6397_2.jpg,IMG_6371_2.jpg,IMG_6378_2.jpg,IMG_6384_2.jpg",Back to  Back to,,,http://mamba.bio.uci.edu/~pjbryant/biodiv/spiders/../Other%20Arachnids/Desert%20Harvestman.htm,,Araneae: Theridiidae
"DSC_0513b.jpg,DSC_0525b.jpg",Back toBack to,,,http://mamba.bio.uci.edu/~pjbryant/biodiv/spiders/../Other%20Arachnids/Desert%20Harvestman.htm,Cobweb spider,
"IMG_6046b.jpg,IMG_6043b.jpg,IMG_6042b.jpg,IMG_6012b.jpg,IMG_0394b.jpg",Back toBack to,,Cryptachaea porteri,http://mamba.bio.uci.edu/~pjbryant/biodiv/spiders/../Other%20Arachnids/Desert%20Harvestman.htm,,
"IMG_3532.jpg,IMG_34391.jpg,IMG_3442.jpg,IMG_1634_2b.jpg,ab_0513.jpg,IMG_3947.jpg,IMG_2902.jpg,BrownWidow2.jpg,BrownWidow3.jpg,BrownWidow6.jpg,BrownWidow4.jpg,BrownWidow5.jpg,BrownWidow7.jpg,BrownWidow8.jpg,BWBabies2.jpg,BWBabies1.jpg,BWBabies3.jpg,Bwidow1.jpg,Bwidow3.jpg",,,,http://mamba.bio.uci.edu/~pjbryant/biodiv/spiders/../Other%20Arachnids/Desert%20Harvestman.htm,Brown widow,
"IMG_6106.jpg,IMG_6109.jpg,IMG_0381.jpg",,,,http://mamba.bio.uci.edu/~pjbryant/biodiv/spiders/../Other%20Arachnids/Desert%20Harvestman.htm,Red and White Steatoda,
../DSC_0854b.jpg,Back to  Back to,,,http://mamba.bio.uci.edu/~pjbryant/biodiv/spiders/../Other%20Arachnids/Desert%20Harvestman.htm,Dew-drop spider,Araneae: Theridiidae
"0090.jpg,DSCF0037bbb.jpg",Back to  Back to,,,http://mamba.bio.uci.edu/~pjbryant/biodiv/spiders/../Other%20Arachnids/Desert%20Harvestman.htm,Dew-drop spider,Araneae: Theridiidae
"0089.jpg,0031.jpg,0032.jpg,0033.jpg,DSCF0048bb.jpg,DSCF0029b.jpg,DSCF0034b.jpg,DSCF0065b.jpg,DSCF0065d.jpg,DSCF0031b.jpg,DSCF0026b.jpg,DSCF0003bb.jpg,DSCF0002bbb.jpg,DSCF0007b.jpg,DSCF0027b.jpg,DSCF0043b.jpg,IMG_2883.jpg,DSC00344.jpg,Black%20Widow%20001.jpg","©  Juvenile female, outside during daylight on elementary school table; possibly injured. Irvine, Orange County, CA. 4-22-06. © Ron Hemberger.",,,http://mamba.bio.uci.edu/~pjbryant/biodiv/spiders/../Other%20Arachnids/Desert%20Harvestman.htm,Western black widow,
"Tarant1.jpg,Tarant2.jpg,0028.jpg,0020.jpg,0019.jpg,Aphono15.jpg,0017.jpg",Back to,,Aphonopelma,http://mamba.bio.uci.edu/~pjbryant/biodiv/spiders/../Other%20Arachnids/Desert%20Harvestman.htm,,
"IMG_4348.jpg,IMG_4350.jpg,IMG_4354.jpg,IMG_4366.jpg,IMG_4369.jpg,IMG_4430.jpg,IMG_4387.jpg,IMG_4395.jpg,IMG_4405.jpg,IMG_4413.jpg,IMG_4427.jpg,IMG_4447.jpg",They may be commensal (feeding on prey or prey remains that have been abandoned by the host) or kleptoparasitic (stealing prey that has been captured and/or stored by the host). They may also feed on the host spider or her eggs. Back to,,,http://mamba.bio.uci.edu/~pjbryant/biodiv/spiders/../Other%20Arachnids/Desert%20Harvestman.htm,Dew-drop spider,Araneae: Theridiidae
"P50500051b.jpg,P50500061b.jpg,tarantula21c.jpg,tarantula4b.jpg,tarantula21b.jpg,Aphonopelma%20eutylenum90.jpg",Back to,,Aphonopelma eutylenum,http://mamba.bio.uci.edu/~pjbryant/biodiv/spiders/../Other%20Arachnids/Desert%20Harvestman.htm,,
"aphenopelma1b.jpg,tarantula3b.jpg,tarantula%204b.jpg,tarantula%205b.jpg,tarantula%206b.jpg,tarantula%207b.jpg",Back to,,Aphonopelma chalcodes,http://mamba.bio.uci.edu/~pjbryant/biodiv/spiders/../Other%20Arachnids/Desert%20Harvestman.htm,,
"IMG_7989.jpg,IMG_7992.jpg,IMG_15221.jpg,DSC_0336b.jpg,DSC_0336d.jpg",Back to,,,http://mamba.bio.uci.edu/~pjbryant/biodiv/spiders/../Other%20Arachnids/Desert%20Harvestman.htm,Long-jawed orb weaver,Araneae: Tetragnathidae
Tetragnathid.JPG,"Back to  (Species uncertain) on Estuary Sea-blite, with egg sac? Bolsa Chica, Orange County, CA.10-2-11. © Joan Avise",,,http://mamba.bio.uci.edu/~pjbryant/biodiv/spiders/../Other%20Arachnids/Desert%20Harvestman.htm,Long-jawed orb weaver,Araneae: Araneidae
"Tetragnatha%20nitens/3.jpg,Tetragnatha%20nitens/4.jpg,Tetragnatha%20nitens/1.jpg,IMG_8068.jpg,IMG_8065.jpg",Back to,,,http://mamba.bio.uci.edu/~pjbryant/biodiv/spiders/../Other%20Arachnids/Desert%20Harvestman.htm,Long-jawed orb weaver,Araneae: Tetragnathidae
"IMG_5002.jpg,IMG_5003.jpg,IMG_5008.jpg,IMG_0159.jpg",Back to,,,http://mamba.bio.uci.edu/~pjbryant/biodiv/spiders/../Other%20Arachnids/Desert%20Harvestman.htm,Wandering Spider,Araneae: Tengellidae
"IMG_4537.jpg,IMG_4539.jpg,IMG_4552.jpg,IMG_4540.jpg,IMG_0006.jpg",Back to,,,http://mamba.bio.uci.edu/~pjbryant/biodiv/spiders/../Other%20Arachnids/Desert%20Harvestman.htm,Giant Crab  Spider,Araneae: Sparassidae
"Huntsman_files/image001.jpg,Huntsman_files/image003.jpg,Huntsman_files/image005.jpg","Upper Newport Bay, Newport Beach, CA. 21 Oct. 2005. ©  Most members of this family are found in Asia and , but this species is also found in the subtropical areas of Florida, Texas, and California. It may have been introduced from Asia. It feeds on insects and is harmless although it can give a painful bite. It can also be scary because of its large size, its quick movements, its ability to run sideways, and its ability to run up glass and other smooth surfaces! This one, which was found in a truck and may have come from further south, is missing a leg.",,,http://mamba.bio.uci.edu/~pjbryant/biodiv/spiders/../Other%20Arachnids/Desert%20Harvestman.htm,Huntsman spider,
"IMG_5911.jpg,IMG_5897.jpg,IMG_5903.jpg,IMG_5907.jpg,IMG_5920.jpg,IMG_0372.jpg","Female. La Habra Heights, Orange County, CA. 4/28/14. © Lenny Vincent.",,,http://mamba.bio.uci.edu/~pjbryant/biodiv/spiders/../Other%20Arachnids/Desert%20Harvestman.htm,Ant-mimicking  Spider,Araneae: Salticidae
"DSC_0585b.jpg,DSC_0590-1b.jpg,DSC_0586b.jpg,DSC_0581bb.jpg,DSC_0581d.jpg,DSC_0583-1b.jpg,DSC_0583-1d.jpg,DSC_0594b.jpg,DSC_0594d.jpg,DSCF0009bb.jpg,DSCF0038bbb.jpg,Salticid2.jpg,DSC_0502b.jpg,DSC_0493b.jpg,zz%20009.JPG,zz%20010.JPG,zz%20011.JPG,zz%20012.JPG,Thiodina%20hespera13.JPG,Thiodina%20hespera%20jnmmm010.JPG",Back to,,,http://mamba.bio.uci.edu/~pjbryant/biodiv/spiders/../Other%20Arachnids/Desert%20Harvestman.htm,Jumping Spider,
"Phidippus4.jpg,Phidippus1.jpg,Phidippus2.jpg,Phidippus4.jpg,Sitticus%20dorsatus/IMG_7384.jpg,Sitticus%20dorsatus/IMG_7390.jpg,Sitticus%20dorsatus/IMG_7387.jpg,Sitticus%20dorsatus/IMG_7386.jpg",,,,http://mamba.bio.uci.edu/~pjbryant/biodiv/spiders/../Other%20Arachnids/Desert%20Harvestman.htm,Jumping Spider,Araneae: Salticidae
"DSC_0032b.jpg,DSC_0029b.jpg,DSC_0033b.jpg,DSC_0023b.jpg,DSC_0022b.jpg,DSC_0019b.jpg,DSC_0013b.jpg,DSC_1469b.jpg,DSC_1486b.jpg,DSC_1466b.jpg,DSC_1470b.jpg,DSC_1476b.jpg,DSC_1484b.jpg,Jump%20trtrf%20029.JPG,Salticidae/Jump%20trtrf%20028.JPG,Salticidae/Jump%20trtrf%20030.JPG,ac_8189.jpg,DSCF0052b.jpg,DSCF0076b.jpg,DSCF0037bb.jpg,DSCF0042bb.jpg,DSCF0072bb.jpg,Sassacus%20vitis005.jpg,lmn%20022.JPG,Sassacus%20vitis007.jpg,lmn%20021.JPG,Sassacus%20vitis003.jpg,Sassacus%20vitis%20kmnj%20023.JPG,DSC_0527b.jpg,DSC_0530b.jpg,DSC_0526b.jpg,DSC_0524b.jpg,DSC_0520bb.jpg,DSC_0521b.jpg,DSC_2249b.jpg,DSC_2226b.jpg,DSC_2224b.jpg,ac_9746.jpg,ad_9018.jpg,ad_9021.jpg,ad_9022.jpg,ad_9027.jpg,ad_9028.jpg,ad_9029.jpg","Distinguishing characters from : body elongated and covered with golden scales; pair of white bars, often with black slash or block-like mark on either side, just anterior to the spinnerets on the dorsal surface; legs red-brown with lighter ventral distal patellae and whole tarsi. Thanks to Tim Manolis for help with identification.",,,http://mamba.bio.uci.edu/~pjbryant/biodiv/spiders/../Other%20Arachnids/Desert%20Harvestman.htm,Jumping Spider,
Salticus6.jpg,,,Salticus palpalis,http://mamba.bio.uci.edu/~pjbryant/biodiv/spiders/../Other%20Arachnids/Desert%20Harvestman.htm,,
"ae_0157.jpg,ae_1201.jpg,ae_1202.jpg,ae_1208.jpg,ae_1210.jpg,ae_1212.jpg,ae_1520.jpg,ae_1681.jpg,ae_0876.jpg,ae_0884.jpg,ae_0297.jpg",,,,http://mamba.bio.uci.edu/~pjbryant/biodiv/spiders/../Other%20Arachnids/Desert%20Harvestman.htm,,
"DSC_0678b.jpg,DSC_0628b.jpg,DSC_0631b.jpg,DSC_0652b.jpg,DSC_0578b.jpg,DSC_0629b.jpg,DSC_0538b.jpg,DSC_0636b.jpg,DSCF0023b.jpg,DSCF0088b.jpg,DSCF0033b.jpg,DSCF0087b.jpg,DSCF0041b.jpg,DSCF0005b.jpg,DSCF0009b.jpg,DSCF0004b.jpg,DSCF0012bb.jpg",,,Phidippus johnsoni,http://mamba.bio.uci.edu/~pjbryant/biodiv/spiders/../Other%20Arachnids/Desert%20Harvestman.htm,,
"IMG_8031.jpg,IMG_8030.jpg",,,Plexippus paykulli,http://mamba.bio.uci.edu/~pjbryant/biodiv/spiders/../Other%20Arachnids/Desert%20Harvestman.htm,Jumping Spider,Araneae: Salticidae
"DSC_1691b.jpg,DSC_1616b.jpg,DSC_1688b.jpg,DSC_1634b.jpg,Phidippus%20californicus%20001.jpg",,,Phidippus californicus,http://mamba.bio.uci.edu/~pjbryant/biodiv/spiders/../Other%20Arachnids/Desert%20Harvestman.htm,,
"Paudax_files/image002.jpg,20091010121742__MG_8220.jpg,20091008133050__MG_8103.jpg,Paudax_files/image008.jpg,Paudax_files/image010.jpg,528174293_spider48.jpg,528174357_spider46%5B1%5D.jpg,20091013115659__MG_8367.jpg,20091010112551__MG_8177.jpg,ab_9599.jpg,ab_9598.jpg,Phidippus%20audax/IMG_4582.jpg,Phidippus%20audax/IMG_4584.jpg,Phidippus%20audax/IMG_4585.jpg,Phidippus%20audax/IMG_4641.jpg,Phidippus%20audax/IMG_4643.jpg,Phidippus%20audax/IMG_4645.jpg,Phidippus%20audax/IMG_4708.jpg,Phidippus%20audax/IMG_4709.jpg,Phidippus%20audax/IMG_4712.jpg",Back to,,Phidippus audax,http://mamba.bio.uci.edu/~pjbryant/biodiv/spiders/../Other%20Arachnids/Desert%20Harvestman.htm,,Araneae: Salticidae
"Salticidae/DSCF0047bb.jpg,Salticidae/DSCF0018b.jpg,Salticidae/DSCF0028b.jpg,152_5258.jpg,IMG_0618.jpg,DSC_0791b.jpg,DSC_0765b.jpg,DSC_0767b.jpg,Salticidae/DSCF0055b.jpg,Salticidae/DSCF0069b.jpg,Salticidae/DSCF0058b.jpg,Salticidae/DSCF0072b.jpg,Salticidae/DSCF0073b.jpg,Salticidae/DSCF0075b.jpg,Salticidae/DSCF0048b.jpg,Salticidae/DSCF0049b.jpg,Salticidae/DSCF0032b.jpg,Salticidae/DSCF0047b.jpg,DSCF0013bbb.jpg,DSCF0025b.jpg,Salticidae/DSCF0029b.jpg,Salticidae/DSCF0038b.jpg,DSC_0151b.jpg,DSC_0140bb.jpg,DSC_0135b.jpg,Phid%20otot%20013.JPG,Phid%20otot%20014.JPG,DSC_0510b.jpg,DSC_0512b.jpg",,,Phidippus adumbratus,http://mamba.bio.uci.edu/~pjbryant/biodiv/spiders/../Other%20Arachnids/Desert%20Harvestman.htm,,
"DSC_0543b.jpg,DSC_0547b.jpg,DSC_0555b.jpg",Back to,,,http://mamba.bio.uci.edu/~pjbryant/biodiv/spiders/../Other%20Arachnids/Desert%20Harvestman.htm,Jumping Spider,
"DSC_1286b.jpg,DSC_1283b.jpg,DSC_1282b.jpg,DSC_1289b.jpg",Back to,,,http://mamba.bio.uci.edu/~pjbryant/biodiv/spiders/../Other%20Arachnids/Desert%20Harvestman.htm,Jumping Spider,
"ac_5272.jpg,ac_5264.jpg,ac_5262.jpg,ac_5260.jpg,ac_5256.jpg",,,,http://mamba.bio.uci.edu/~pjbryant/biodiv/spiders/../Other%20Arachnids/Desert%20Harvestman.htm,,
"IMG_30291.jpg,IMG_3030.jpg,IMG_3026.jpg,IMG_3021.jpg,IMG_3020.jpg",Back to,,Phanias harfordii,http://mamba.bio.uci.edu/~pjbryant/biodiv/spiders/../Other%20Arachnids/Desert%20Harvestman.htm,Jumping Spider,
"DSC_0813b.jpg,DSC_0815b.jpg,DSC_0821b.jpg,DSC_0789b.jpg,DSC_0789e.jpg,DSC_0789d.jpg,Vincent8575.jpg,Vincent8573.jpg,DSCF0134b.jpg,DSCF0092b.jpg,DSCF0100b.jpg,DSCF0104b.jpg,DSCF0104b.jpg,DSCF0102b.jpg,DSCF0124b.jpg,DSCF0106b.jpg","Near Prisoners Harbor, Santa Cruz Island, Santa Barbara County, CA. 2/19/08. ©",,,http://mamba.bio.uci.edu/~pjbryant/biodiv/spiders/../Other%20Arachnids/Desert%20Harvestman.htm,,
"DSC_0525bb.jpg,DSC_0519bb.jpg,DSC_0482d.jpg,DSC_0874b.jpg,DSC_0867b.jpg,DSC_0883b.jpg,DSC_0880b.jpg,DSC_0882b.jpg,DSC_0894b.jpg,../DSC_0885b.jpg,DSC_0889b.jpg,DSC_0900bb.jpg,DSC_0895b.jpg,DSC_0528b.jpg",,,,http://mamba.bio.uci.edu/~pjbryant/biodiv/spiders/../Other%20Arachnids/Desert%20Harvestman.htm,Ant Mimicking Jumping Spider,Araneae: Salticidae
"IMG_4858b.jpg,IMG_4854b.jpg,IMG_0099b.jpg,IMG_4857.jpg,IMG_4852.jpg,IMG_4862b.jpg",,,,http://mamba.bio.uci.edu/~pjbryant/biodiv/spiders/../Other%20Arachnids/Desert%20Harvestman.htm,Jumping Spider,
"IMG_2106.jpg,IMG_2108.jpg,IMG_2103.jpg,IMG_2105.jpg,Mexigonus%20morosus%20Female%201.jpg,Mexigonus%20morosus%20Female%202.jpg,Mexigonus%20morosus%20Female%203.jpg,Mexigonus%20morosus%20Female%204.jpg",,,,http://mamba.bio.uci.edu/~pjbryant/biodiv/spiders/../Other%20Arachnids/Desert%20Harvestman.htm,,
"2.jpg,1.jpg,3.jpg,4.jpg","Male. Costa Mesa, Orange County, CA. 5/16/13. © Lenny Vincent",,,http://mamba.bio.uci.edu/~pjbryant/biodiv/spiders/../Other%20Arachnids/Desert%20Harvestman.htm,,
"DSC_1291b.jpg,DSC_1294b.jpg,DSC_1296b.jpg,DSC_1308b.jpg,Metacyrba.jpg,Metacyrba%20taeniola%20male%201b.jpg,Metacyrba%20taeniola%20male%202b.jpg,Metacyrba%20taeniola%20male%203b.jpg,Metacyrba%20taeniola%20female1.jpg,Metacyrba%20taeniola%20female2.jpg,Metacyrba%20taeniola%20female3.jpg","Back to Female, 7mm bl. Under bark at , Orange, Orange County, CA. 01/15/09. ©   Near Prisoners Harbor, Santa Cruz Island, Santa Barbara County, CA. 2/19/08. ©",,,http://mamba.bio.uci.edu/~pjbryant/biodiv/spiders/../Other%20Arachnids/Desert%20Harvestman.htm,Jumping Spider,
"IMG_2183.jpg,IMG_2186.jpg,IMG_2184.jpg",,,,http://mamba.bio.uci.edu/~pjbryant/biodiv/spiders/../Other%20Arachnids/Desert%20Harvestman.htm,,
"IMG_0729b.jpg,ac_7337.jpg,ac_7333.jpg,Menemerus%20bivittatus.jpg,0024.jpg",Back to,,,http://mamba.bio.uci.edu/~pjbryant/biodiv/spiders/../Other%20Arachnids/Desert%20Harvestman.htm,Gray Wall Jumper,
IMG_1316b.jpg,Back to,,,http://mamba.bio.uci.edu/~pjbryant/biodiv/spiders/../Other%20Arachnids/Desert%20Harvestman.htm,Jumping Spider,
"ac_3611.jpg,ac_3618.jpg,ac_3603.jpg,ac_3609.jpg",Back to,,Habronattus sp.,http://mamba.bio.uci.edu/~pjbryant/biodiv/spiders/../Other%20Arachnids/Desert%20Harvestman.htm,,
"ab_4404.jpg,ab_4401.jpg,ab_4396.jpg,ab_4393.jpg,ab_5580.jpg,ab_5565.jpg,ab_5562.jpg,ad_u_4997.jpg,ad_u_5001.jpg,ad_u_5007.jpg,ad_u_5009.jpg",Back to,,Habronattus,http://mamba.bio.uci.edu/~pjbryant/biodiv/spiders/../Other%20Arachnids/Desert%20Harvestman.htm,,
"DSC_0003b.jpg,DSC_0002b.jpg,DSC_0010b.jpg,Habronattus%20zz%20020.JPG,Habronattus%20zz%20021.JPG",Back to,,Habronattus sp.,http://mamba.bio.uci.edu/~pjbryant/biodiv/spiders/../Other%20Arachnids/Desert%20Harvestman.htm,,
"3.jpg,2.jpg,1.jpg",,,,http://mamba.bio.uci.edu/~pjbryant/biodiv/spiders/../Other%20Arachnids/Desert%20Harvestman.htm,Jumping Spider,Araneae: Salticidae
"DSC_0609b.jpg,DSC_0634b.jpg,DSC_0615b.jpg,DSC_0627b.jpg,DSC_0632b.jpg,Salticidae/Habronattus%20B%20002.JPG,Salticidae/Habronattus%20B%20003.JPG,Salticidae/Habronattus%20B%20001.JPG,Habronattus%20schlingeri1.jpg,Habronattus%20schlingeri2.jpg,Habronattus%20schlingeri3.jpg,Habronattus%20schlingeri4.jpg",Back to,,Habronattus,http://mamba.bio.uci.edu/~pjbryant/biodiv/spiders/../Other%20Arachnids/Desert%20Harvestman.htm,,
"DSC_0955b.jpg,DSC_0950b.jpg,DSC_0941b.jpg,DSC_0944b.jpg,DSC_0932d.jpg,DSC_0506b.jpg,DSC_0497b.jpg,Habronattus%20tarsalis/IMG_3760.jpg,Habronattus%20tarsalis/IMG_3761.jpg,Habronattus%20tarsalis/IMG_3762.jpg,Habronattus%20tarsalis/IMG_3764.jpg,Habronattus%20tarsalis/IMG_3768.jpg,zxvc%20003.JPG,zxvc%20002.JPG,Habronattus%20%20prob%20tarsalis.JPG","Back to Barber Park, Irvine, Orange, Orange County, CA. 7-9-07. © Ron Hemberger",,,http://mamba.bio.uci.edu/~pjbryant/biodiv/spiders/../Other%20Arachnids/Desert%20Harvestman.htm,Jumping Spider,Araneae: Salticidae
"ac_2177.jpg,ac_2170.jpg,ac_2169.jpg,DSC_1818b.jpg,DSC_1819b.jpg","Riley Wilderness Park, Coto de Caza, Orange County, CA. 5-29-06. © Ron HembergerBack to",,,http://mamba.bio.uci.edu/~pjbryant/biodiv/spiders/../Other%20Arachnids/Desert%20Harvestman.htm,Jumping Spider,Araneae: Salticidae
"spider16.jpg,spider17.jpg,ab_6326.jpg,ab_6321.jpg,ab_6310.jpg,DSC_0793b.jpg,DSC_0794b.jpg,DSC_0805b.jpg,DSC_0834bb.jpg,DSC_0837b.jpg,ae_2298.jpg,ae_2300.jpg,DSC_0806b.jpg,DSC_0809b.jpg,DSC_0815xb.jpg",Back toBack to,,,http://mamba.bio.uci.edu/~pjbryant/biodiv/spiders/../Other%20Arachnids/Desert%20Harvestman.htm,,
"IMG_5090.jpg,IMG_5077.jpg,IMG_5079.jpg,IMG_5085.jpg,IMG_5088.jpg,IMG_5086.jpg,IMG_0211.jpg",Back to,,,http://mamba.bio.uci.edu/~pjbryant/biodiv/spiders/../Other%20Arachnids/Desert%20Harvestman.htm,,
"DSCF0124a.jpg,Other5.jpg,Other3.jpg,Other4.jpg,Other57.jpg,DSCF0125a.jpg,../DSCF0023ab.jpg,Other26.jpg,Other47.jpg","Laguna Wilderness Park, Laguna Beach, Orange County, CA 4-30-07. ©",,,http://mamba.bio.uci.edu/~pjbryant/biodiv/spiders/../Other%20Arachnids/Desert%20Harvestman.htm,,
"ab_2557.JPG,ab_2556.JPG,ab_2554.JPG,Habronattus%20californicus1b.jpg,Habronattus%20californicus2.jpg,Habronattus%20californicus3.jpg",,,,http://mamba.bio.uci.edu/~pjbryant/biodiv/spiders/../Other%20Arachnids/Desert%20Harvestman.htm,,
"IMG_1927b.jpg,IMG_1930b.jpg",Back to,,,http://mamba.bio.uci.edu/~pjbryant/biodiv/spiders/../Other%20Arachnids/Desert%20Harvestman.htm,Jumping Spider,Araneae: Salticidae
"Chalcoscirtus3.jpg,Chalcoscirtus1.jpg,Chalcoscirtus2.jpg,Chalcoscirtus4.jpg,IMG_1978b.jpg,IMG_1979b.jpg,Chalcoscirtus5.jpg,Chalcoscirtus6.jpg",Back to,,Chalcoscirtus diminutus,http://mamba.bio.uci.edu/~pjbryant/biodiv/spiders/../Other%20Arachnids/Desert%20Harvestman.htm,Jumping Spider,Araneae: Salticidae
"IMG_7255.jpg,IMG_7245.jpg,IMG_4237.jpg",,,,http://mamba.bio.uci.edu/~pjbryant/biodiv/spiders/../Other%20Arachnids/Desert%20Harvestman.htm,,
"IMG_0026.jpg,IMG_0026c.jpg",,,Psilochorus californiae,http://mamba.bio.uci.edu/~pjbryant/biodiv/spiders/../Other%20Arachnids/Desert%20Harvestman.htm,,
,", Fullerton, Orange 

County, CA. 5-9-09. © Ron Hemberger",,Unidentified,http://mamba.bio.uci.edu/~pjbryant/biodiv/spiders/../Other%20Arachnids/Desert%20Harvestman.htm,,
"Pphalang_files/image004.jpg,Pphalang_files/image006.jpg,Pphalang_files/image007.jpg,Pholcidae%20cellar%20spider.JPG,Longlegs1.jpg,DSCF0010bb.jpg,DSCF0085b.jpg,DSCF0028bb.jpg,DSCF0035bb.jpg,DSCF0027bb.jpg,IMG_1690.jpg,IMG_3869.jpg,IMG_3860.jpg,IMG_1709.jpg",,,Pholcus phalangioides,http://mamba.bio.uci.edu/~pjbryant/biodiv/spiders/../Other%20Arachnids/Desert%20Harvestman.htm,,
"Holocnemus2.jpg,Holocnemus3.jpg,Holocnemus4.jpg,ad_f_6639.jpg,ad_f_6601.jpg,ad_f_6596.jpg,ad_f_6610.jpg,ad_f_6611.jpg,ad_f_6628.jpg,ad_f_6638.jpg,ad_8230.jpg,Holocnemus%20pluchei80.jpg",,,Holocnemus pluchei,http://mamba.bio.uci.edu/~pjbryant/biodiv/spiders/../Other%20Arachnids/Desert%20Harvestman.htm,Marbled Cellar Spider,
ab_9207.jpg,,,,http://mamba.bio.uci.edu/~pjbryant/biodiv/spiders/../Other%20Arachnids/Desert%20Harvestman.htm,,
"DSC_0531b.jpg,DSC_0520b.jpg,DSC_0523b.jpg,DSC_0523d.jpg","Came with crickets purchased at a pet store in Aliso Viejo, Orange County, CA. 1/20/10. ©  Back to",,,http://mamba.bio.uci.edu/~pjbryant/biodiv/spiders/../Other%20Arachnids/Desert%20Harvestman.htm,,
"IMG_1622.jpg,IMG_1622b.jpg,IMG_7315.jpg",Back to,,,http://mamba.bio.uci.edu/~pjbryant/biodiv/spiders/../Other%20Arachnids/Desert%20Harvestman.htm,,
"DSC_0519b.jpg,DSC_0498bb.jpg,DSC_0498d.jpg,DSC_0503d.jpg",Back to,,,http://mamba.bio.uci.edu/~pjbryant/biodiv/spiders/../Other%20Arachnids/Desert%20Harvestman.htm,,
"P%20dispar/IMG_3566b.jpg,P%20dispar/IMG_3558b.jpg,P%20dispar/IMG_3560b.jpg,P%20dispar/IMG_0500b.jpg","Male. Laguna Beach, Orange County, CA. 01-03-12. © Lenny Vincent. Back to",,,http://mamba.bio.uci.edu/~pjbryant/biodiv/spiders/../Other%20Arachnids/Desert%20Harvestman.htm,,
"0003.jpg,0004.jpg,Green%20Lynx%20(Peucetia%20viridans)%20016.jpg,Green%20Lynx%20(Peucetia%20viridans)%20018.jpg,IMG_0572.jpg,IMG_05591.jpg,Peucetia viridans/DSC_0040bbb.jpg,file://///tsclient/L/My Pictures 2009/07 21 Green Lynx Male/07 25 Green Lynx Male post-induction/DSC_0008b.jpg,aa_8882.jpg,Green%20Lynx%20(Peucetia%20viridans)%20011.jpg,Green%20Lynx%20(Peucetia%20viridans)%20008.JPG,Green%20Lynx%20(Peucetia%20viridans)%20009.jpg,Glynx1.jpg,Glynx2.jpg,Glynx4.jpg,Glynx3.jpg,ac_6218.jpg,ac_6204.jpg,ac_6212.jpg,ae_1884.jpg,ae_4034.jpg,ae_4043.jpg,ae_4049.jpg,ae_4051.jpg,0006.jpg,ae_3400.jpg,Glynx6.jpg,0007.jpg,0008.jpg,ac_0217.jpg,ac_1716.jpg,Lynx1.jpg,Lynx2.jpg,0009.jpg,0010.jpg,DSC_0097b.jpg,DSC_0098b.jpg,DSC_0149b.jpg,DSC_0155b.jpg,aa_6244.jpg,aa_6252.jpg,0011.jpg,0013.jpg,0014.jpg,0012.jpg,0015.jpg,dltov%20001.JPG,dltov%20002.JPG,lynx%20trtrf%20025.JPG,lynx%20trtrf%20026.JPG,ab_7982.jpg",,,(Peucetia viridans).,http://mamba.bio.uci.edu/~pjbryant/biodiv/spiders/../Other%20Arachnids/Desert%20Harvestman.htm,,
"DSCF0032b.jpg,DSCF0032d.jpg",Identified by Jeff Hollenbeck,,,http://mamba.bio.uci.edu/~pjbryant/biodiv/spiders/../Other%20Arachnids/Desert%20Harvestman.htm,,
"Striped%20lynx%20x%20041.JPG,IMG_7459c.jpg,ab_5220%20copy.jpg,ad-f_31351.jpg,ab_8092.jpg,ab_8054.jpg,ab_8061.jpg,IMG_1878.jpg,ab_5649.jpg,ab_5305.jpg,ab_5311.jpg",Back to,,,http://mamba.bio.uci.edu/~pjbryant/biodiv/spiders/../Other%20Arachnids/Desert%20Harvestman.htm,,
"Pointspider2.jpg,Oxyopes%20scalarissss%20002.jpg,DSC_01011.JPG,DSC_0190.JPG",Back to,,,http://mamba.bio.uci.edu/~pjbryant/biodiv/spiders/../Other%20Arachnids/Desert%20Harvestman.htm,,
"Oecobius1.jpg,Oecobius5.jpg,Oecobius3.jpg","Under bark at Irvine Park, Orange, Orange County, CA.",,Oecobius sp.,http://mamba.bio.uci.edu/~pjbryant/biodiv/spiders/../Other%20Arachnids/Desert%20Harvestman.htm,,
"IMG_1827b.jpg,Onavus.gif",Back to,,,http://mamba.bio.uci.edu/~pjbryant/biodiv/spiders/../Other%20Arachnids/Desert%20Harvestman.htm,Disc Web  Spider,Araneae: Oecobiidae
Sac1.jpg,,,,http://mamba.bio.uci.edu/~pjbryant/biodiv/spiders/../Other%20Arachnids/Desert%20Harvestman.htm,Long-legged Sac Spider,Araneae: Miturgidae
"Cheiracanthium1b.jpg,Cheiracanthium2b.jpg,Cheiracanthium3b.jpg,Epigynum.jpg,Spinnerets.jpg,DSC_0498b.jpg,../DSC_0505d.jpg",Back to,,,http://mamba.bio.uci.edu/~pjbryant/biodiv/spiders/../Other%20Arachnids/Desert%20Harvestman.htm,Long-legged Sac  Spider,Araneae: Miturgidae
IMG_0633.jpg,Back to,,,http://mamba.bio.uci.edu/~pjbryant/biodiv/spiders/../Other%20Arachnids/Desert%20Harvestman.htm,Pirate Spider,Araneae: Mimetidae
"Mimetus%20hesperus%20male2.jpg,Mimetus%20hesperus%20male1.jpg,Mimetus%20hesperus%20male3.jpg,Mimetus%20hesperus%20male4.jpg",Back to,,,http://mamba.bio.uci.edu/~pjbryant/biodiv/spiders/../Other%20Arachnids/Desert%20Harvestman.htm,Pirate spider,Araneae: Mimetidae
ad-l_2531.jpg,Back to  Back to,,,http://mamba.bio.uci.edu/~pjbryant/biodiv/spiders/../Other%20Arachnids/Desert%20Harvestman.htm,,
"Schizocosa%20mccooki%20ebtd019.JPG,0066.jpg,0069.jpg,0067.jpg,DSC_0137b.jpg,DSC_0120b.jpg,DSC_0137c.jpg,DSC_0140b.jpg,Wolfbabies3.jpg,Wolfbabies2.jpg,Wolfbabies4.jpg,Wolfbabies1.jpg,Wolfbabies5.jpg,Wolfbabies6.jpg,Wolfbabies10.jpg,Wolfbabies20.jpg","Back toBack to  Irvine, CA. © .",,,http://mamba.bio.uci.edu/~pjbryant/biodiv/spiders/../Other%20Arachnids/Desert%20Harvestman.htm,,
"Wolf1.jpg,Wolf2.jpg,wood-canyon-spider.jpg,wood-canyon-spider2.jpg,Wolf-Spider-01.jpg,ac_1466.jpg,ac_1470.jpg,ac_1473a.jpg",Back to Ron Hemberger,,,http://mamba.bio.uci.edu/~pjbryant/biodiv/spiders/../Other%20Arachnids/Desert%20Harvestman.htm,,
"Thin1.jpg,Thin3.jpg,Spider1.jpg,Spider%200013.JPG,Spider%200022.JPG,ad__9163.jpg,ad__9166.jpg",,,,http://mamba.bio.uci.edu/~pjbryant/biodiv/spiders/../Other%20Arachnids/Desert%20Harvestman.htm,,
"IMG_3000.jpg,IMG_3002.jpg,IMG_2999.jpg,IMG_3003%20-%20Version%202.jpg,IMG_0738.jpg",,,,http://mamba.bio.uci.edu/~pjbryant/biodiv/spiders/../Other%20Arachnids/Desert%20Harvestman.htm,,
"Shore.jpg,ad_r_6381.jpg",,,,http://mamba.bio.uci.edu/~pjbryant/biodiv/spiders/../Other%20Arachnids/Desert%20Harvestman.htm,,
"IMG_4798b.jpg,IMG_4801b.jpg,IMG_4802b.jpg,IMG_4807b.jpg,IMG_4809b.jpg,IMG_4810b.jpg,IMG_4813b.jpg,IMG_0083b.jpg,IMG_0088.jpg","Fontana, San Bernadino Co. CA. 2-16-13. © Lenny Vincent",,Pardosa atromedia,http://mamba.bio.uci.edu/~pjbryant/biodiv/spiders/../Other%20Arachnids/Desert%20Harvestman.htm,,
"1.jpg,2.jpg","San Joaquin Marsh, Irvine, Orange County, CA. 7-22-13. © Ron Hemberger",,,http://mamba.bio.uci.edu/~pjbryant/biodiv/spiders/../Other%20Arachnids/Desert%20Harvestman.htm,,
"DSC_0033bb.jpg,DSC_0017bb.jpg,DSC_0035b.jpg,DSC_0015b.jpg,DSC_0005b.jpg,DSC_0019bb.jpg",Back to  Back to,,,http://mamba.bio.uci.edu/~pjbryant/biodiv/spiders/../Other%20Arachnids/Desert%20Harvestman.htm,,
"IMG_4772b.jpg,IMG_4773b.jpg,IMG_4774b.jpg,IMG_0096.jpeg,1.jpg,IMG_4831.jpg,IMG_4834.jpg,IMG_4835.jpg,IMG_4836.jpg",Back to  Back to,,,http://mamba.bio.uci.edu/~pjbryant/biodiv/spiders/../Other%20Arachnids/Desert%20Harvestman.htm,,
,"Female. Topanga State Park, Pacific Palisades, Los Angeles County, CA. 6/23/2004. © Lenny Vincent.",,,http://mamba.bio.uci.edu/~pjbryant/biodiv/spiders/../Other%20Arachnids/Desert%20Harvestman.htm,Sierra Dome Spider,
"Neriene%20digna%20male1.jpg,Neriene%20digna%20male2.jpg,Neriene%20digna%20male3.jpg,Neriene%20digna%20male4.jpg","Male. Laguna Beach, Orange County, CA.  4-3-04. © Lenny Vincent.",,,http://mamba.bio.uci.edu/~pjbryant/biodiv/spiders/../Other%20Arachnids/Desert%20Harvestman.htm,Sheet Web Spider,
"F.%20communis/IMG_3106b.jpg,F.%20communis/IMG_3101b.jpg,F.%20communis/IMG_3104b.jpg,F.%20communis/IMG_3086b.jpg,DSC_0130d.jpg,DSC_0130b.jpg",Back to,,,http://mamba.bio.uci.edu/~pjbryant/biodiv/spiders/../Other%20Arachnids/Desert%20Harvestman.htm,,
"DSCF0058b.jpg,DSCF0057b.jpg,DSCF0056bb.jpg",,,,http://mamba.bio.uci.edu/~pjbryant/biodiv/spiders/../Other%20Arachnids/Desert%20Harvestman.htm,Gnaphosid spider,
"0061.jpg,96170028.JPG,96170030.JPG,96170031.JPG,DSC_0489b.jpg,DSC_0471b.jpg,DSC_0490b.jpg,0056.jpg,0057.jpg,0058.jpg,0059.jpg,0062.jpg,0063.jpg",,,,http://mamba.bio.uci.edu/~pjbryant/biodiv/spiders/../Other%20Arachnids/Desert%20Harvestman.htm,California trapdoor spider,Araneae: Ctenizidae
"Trachelas1.jpg,Trachelas2.jpg,DSC_0516bb.jpg,DSC_0517b.jpg,DSC_0517d.jpg",,,,http://mamba.bio.uci.edu/~pjbryant/biodiv/spiders/../Other%20Arachnids/Desert%20Harvestman.htm,Sac Spider,Araneae: Corinnidae
"DSCF0016b.jpg,DSCF0020.jpg,DSCF0003b.jpg,DSC_0196b.jpg,DSC_0206b.jpg",,,,http://mamba.bio.uci.edu/~pjbryant/biodiv/spiders/../Other%20Arachnids/Desert%20Harvestman.htm,Sac Spider,Araneae: Corinnidae
"2.jpg,1.jpg,3.jpg,4.jpg,5.jpg",,,,http://mamba.bio.uci.edu/~pjbryant/biodiv/spiders/../Other%20Arachnids/Desert%20Harvestman.htm,Ant Mimic Spider,Araneae: Corinnidae
"Ant%20mimic%20spider%200011.jpg,Ant%20mimic%20spider%200021.jpg",© Ron Hemberger,,,http://mamba.bio.uci.edu/~pjbryant/biodiv/spiders/../Other%20Arachnids/Desert%20Harvestman.htm,Ant Mimic Spider,Araneae: Corinnidae
"Castianeira%20athena/IMG_3825b.jpg,Castianeira%20athena/IMG_3814b.jpg,Castianeira%20athena/IMG_3819b.jpg,Castianeira%20athena/IMG_3816b.jpg",,,,http://mamba.bio.uci.edu/~pjbryant/biodiv/spiders/../Other%20Arachnids/Desert%20Harvestman.htm,Ant Mimic Spider,Araneae: Corinnidae
IMG_1552.jpg,,,,http://mamba.bio.uci.edu/~pjbryant/biodiv/spiders/../Other%20Arachnids/Desert%20Harvestman.htm,Orb Weaver,
"0045.jpg,0044.jpg,Neoscona%20oaxacensis.jpg,DSC_0089web.jpg,DSC_0085b.jpg,DSC_0079b.jpg,DSC_0089b.jpg,Neoscona%20oaxacensis%20002.jpg,Neoscona%20oaxacensis%20003.jpg,aa_6063.jpg,aa_6107.jpg,aa_6121.jpg,ac_3412.jpg,aa_6596.jpg,ad_9844.jpg,aa_7757.jpg,aa_7759.jpg,DSC_0698b.jpg,DSC_0702b.jpg,DSC_0715b.jpg,DSC_0715e.jpg,DSC_0746b.jpg,ac_3401.jpg,ac_3417.jpg,Orb-Weaver-01b.jpg,Orb-Weaver-02.jpg,IMG_3131.jpg,IMG_3027.jpg,IMG_3015.jpg,IMG_3008.jpg,IMG_3004.jpg,IMG_2999.jpg,IMG_2995.jpg,IMG_04641.jpg,IMG_0580.jpg,IMG_05111.jpg,IMG_0529.jpg,Orb-Weaver-002a.jpg,Orb-Weaver-002b.jpg,Orb-Weaver-002c.jpg,Orb-Weaver-002d.jpg","Female dorsum. Fullerton, Orange County, CA. ©  Female ventrum. Fullerton, Orange County, CA. ©",,Neoscona oaxacensis,http://mamba.bio.uci.edu/~pjbryant/biodiv/spiders/../Other%20Arachnids/Desert%20Harvestman.htm,,
"Neoscona%20crucifera1.jpg,Neoscona%20crucifera3.jpg,Neoscona%20crucifera4.jpg,Neoscona%20crucifera5.jpg","Irvine, Orange County, CA. 8/31/08. © Ron Hemberger",,,http://mamba.bio.uci.edu/~pjbryant/biodiv/spiders/../Other%20Arachnids/Desert%20Harvestman.htm,,
"DSCF0078bb.jpg,DSCF0062b.jpg,Neoscona%20lplpm%20004.JPG,Neoscona%20lplpm%20005.JPG,Neoscona%20lplpm%20006.JPG","Newport Beach, Orange County, CA. 06/23/08. ©",,Neoscona (arabesca?),http://mamba.bio.uci.edu/~pjbryant/biodiv/spiders/../Other%20Arachnids/Desert%20Harvestman.htm,,
DSCF0008bbbb.jpg,Back to,,,http://mamba.bio.uci.edu/~pjbryant/biodiv/spiders/../Other%20Arachnids/Desert%20Harvestman.htm,Orb Weaver,
"Metepeira%20002.jpg,Metepeira%20001.jpg,Metepeira%20003.jpg",© Ron Hemberger,,,http://mamba.bio.uci.edu/~pjbryant/biodiv/spiders/../Other%20Arachnids/Desert%20Harvestman.htm,Orb Weaver,
"DSCF0045b.jpg,DSCF0043bb.jpg,0088.jpg,DSC_0584.jpg,DSC_0621.jpg,DSC_0634.jpg,DSC_0590.jpg,DSC_0133b.jpg,DSC_1983b.jpg,DSC_0301b.jpg,DSC_0305b.jpg,ad_r_5923.jpg,ad_r_5913.jpg,ad_r_5917.jpg,DSC_1121b.jpg,DSC_1123b.jpg",Back to  Back to,,,http://mamba.bio.uci.edu/~pjbryant/biodiv/spiders/../Other%20Arachnids/Desert%20Harvestman.htm,Orb Weaver,Araneae: Araneidae
"IMG_0725b.jpg,IMG_0725d.jpg",Back to  Back to,,,http://mamba.bio.uci.edu/~pjbryant/biodiv/spiders/../Other%20Arachnids/Desert%20Harvestman.htm,Orb Weaver,Araneae: Araneidae
"IMG_2177_2_2.jpg,IMG_2178_2.jpg,IMG_2174.jpg,IMG_2180_2.jpg",Back to  Back to,,,http://mamba.bio.uci.edu/~pjbryant/biodiv/spiders/../Other%20Arachnids/Desert%20Harvestman.htm,Orb Weaver,Araneae: Araneidae
"Female/IMG_5280.jpg,Female/IMG_5273.jpg,Female/IMG_5275.jpg,Female/IMG_0257.jpg,Male/IMG_5283.jpg,Male/IMG_5291.jpg,Male/IMG_5292.jpg,Male/IMG_5299.jpg,Male/IMG_0264.jpg,Male/IMG_0267.jpg",Female,,,http://mamba.bio.uci.edu/~pjbryant/biodiv/spiders/../Other%20Arachnids/Desert%20Harvestman.htm,Orb Weaver,
"Mastophora_files/image003.jpg,Mastophora_files/Mastophora8.jpg,Mastophora_files/DSCN0134.jpg,Mastophora_files/DSCN0135.jpg,Mastophora_files/image010.jpg,DSC_0293b.jpg,DSC_0280b.jpg,DSC_0509bb.jpg,DSC_0515b.jpg,DSC_0516b.jpg,Madam.jpg,BOLACLOSE1b.jpg,what3jpg.jpg,DSC_0015bb.jpg,DSC_0016b.jpg,Mastophora_files/_2103293048.jpg,Mastophora_files/_2404224212.jpg",,,,http://mamba.bio.uci.edu/~pjbryant/biodiv/spiders/../Other%20Arachnids/Desert%20Harvestman.htm,Bolas spider,Araneae: Araneidae
"Larinioides%20scolpetarius%20female/IMG_5216.jpg,Larinioides%20scolpetarius%20female/IMG_5217.jpg,Larinioides%20scolpetarius%20female/IMG_5227.jpg,Larinioides%20scolpetarius%20female/IMG_5229.jpg,Larinioides%20scolpetarius%20female/IMG_5306.jpg,Larinioides%20scolpetarius%20female/IMG_0246.jpg,Larinioides%20scolpetarius%20male/IMG_5261.jpg,Larinioides%20scolpetarius%20male/IMG_5265.jpg,Larinioides%20scolpetarius%20male/IMG_5303.jpg,Larinioides%20scolpetarius%20male/IMG_0248.jpg,Larinioides%20scolpetarius%20male/IMG_0251.jpg",Female,,,http://mamba.bio.uci.edu/~pjbryant/biodiv/spiders/../Other%20Arachnids/Desert%20Harvestman.htm,Bridge Spider (Gray Cross Spider),
"Eustala%20californiensis1b.jpg,Eustala%20californiensis2.jpg","San Joaquin Wildlife Refuge, Orange County, CA. 4/27/08. © © 2008",,,http://mamba.bio.uci.edu/~pjbryant/biodiv/spiders/../Other%20Arachnids/Desert%20Harvestman.htm,Orb Weaver,
IMG_4327.jpg,Back to  Back to,,,http://mamba.bio.uci.edu/~pjbryant/biodiv/spiders/../Other%20Arachnids/Desert%20Harvestman.htm,Orb Weaver,Araneae: Araneidae
Eustala1b.jpg,"San Joaquin Wildlife Refuge, Orange County, CA. 7/12/09. © © 2008",,,http://mamba.bio.uci.edu/~pjbryant/biodiv/spiders/../Other%20Arachnids/Desert%20Harvestman.htm,Orb Weaver,
"IMG_1513.jpg,IMG_1512.jpg,IMG_2457_2.jpg,IMG_2453_2.jpg,IMG_2473_3.jpg,IMG_2473_2_2.jpg,Eriophora%20edax/IMG_4440.jpg,Eriophora%20edax/IMG_4443.jpg,Eriophora%20edax/IMG_4444.jpg,Eriophora%20edax/IMG_4452.jpg",Back to,,,http://mamba.bio.uci.edu/~pjbryant/biodiv/spiders/../Other%20Arachnids/Desert%20Harvestman.htm,Orb Weaver,
"DSC_1274b.jpg,DSC_1314b.jpg,DSC_1346b.jpg,DSC_1318b.jpg,DSC_1272b.jpg,DSC_1286b.jpg",,,,http://mamba.bio.uci.edu/~pjbryant/biodiv/spiders/../Other%20Arachnids/Desert%20Harvestman.htm,Orb Weaver,
"IMG_7067.jpg,IMG_7071.jpg",,,,http://mamba.bio.uci.edu/~pjbryant/biodiv/spiders/../Other%20Arachnids/Desert%20Harvestman.htm,Orb Weaver,
"Argiope6.jpg,Argiope4.jpg,Argiope3.jpg,Argiope5.jpg,0041.jpg,0042.jpg,0043.jpg,0091.jpg,Banded%20Argiope%20(trifasciata)001.JPG,Banded%20Argiope%20(trifasciata)002.JPG",Back to,,Argiope trifasciata,http://mamba.bio.uci.edu/~pjbryant/biodiv/spiders/../Other%20Arachnids/Desert%20Harvestman.htm,,
"Argiope01.jpg,Argiope06.jpg,spidey.jpg,Argiope2.jpg,Argiope03.jpg,Argiope04.jpg,Argiope05.jpg,ae_4083.jpg,ae_4087.jpg,b&yargiopeeggcase.jpg",Back to  Back to,,,http://mamba.bio.uci.edu/~pjbryant/biodiv/spiders/../Other%20Arachnids/Desert%20Harvestman.htm,Black and yellow argiope,Araneae: Araneidae
"DSC_0085bb.jpg,Aargentata2.jpg,Silver1.jpg,Silver2.jpg,ac_4767.jpg,ac_4760.jpg,0053.jpg,ac_7383.jpg,ac_7393.jpg,Silver%20Argiope%20(Argiope%20argentata)%20003.JPG,Argiope argentata/P6250014b.jpg,Argiope argentata/P6250006b.jpg,0055.jpg,Silver11.jpg,ac_7087.jpg,DSC_0004b.jpg,DSC_0017b.jpg,Argiope%20argentata/AG_4617b.jpg,Argiope%20argentata/AG_4645b.jpg,Argiope%20argentata/AG_4667b.jpg,Argiope argentata/P6250035b.jpg,Argiope argentata/P6250028b.jpg,Argiope argentata/P6250027b.jpg,Argiope argentata/P6250023b.jpg,Argiope argentata/IMG_1674b.jpg","This spectacular orb-weaving spider is common in Southern California in the Summer and Fall, especially on prickly-pear plants. The male is much smaller than the female. The spider includes zig-zag structures called stabilimenta in the orb web, probably in order to make it more visible to birds who might otherwise fly into it accidentally and destroy it. Their webs are sometimes occupied by commensal .",,Argiope argentata,http://mamba.bio.uci.edu/~pjbryant/biodiv/spiders/../Other%20Arachnids/Desert%20Harvestman.htm,,
"IMG_1544.jpg,IMG_1543.jpg",,,,http://mamba.bio.uci.edu/~pjbryant/biodiv/spiders/../Other%20Arachnids/Desert%20Harvestman.htm,Orb Weaver,
"0050.jpg,Araneus%20gemma%20Female%201.jpg,Araneus%20gemma%20Female%202.jpg,Araneus%20gemma%20Female%203.jpg,Araneus%20gemma%20Female%204.jpg,Araneus%20gemma%20Female%205.jpg,Araneus%20gemma%20Female%206.jpg,0094.jpg,28529805.jpg,40524199764.jpg,araneusb.jpg,araneus%202b.jpg",Back to,,Araneus gemma,http://mamba.bio.uci.edu/~pjbryant/biodiv/spiders/../Other%20Arachnids/Desert%20Harvestman.htm,,
,"Female. Laguna Beach, Orange County, CA. 3/16/97. © Lenny Vincent.",,,http://mamba.bio.uci.edu/~pjbryant/biodiv/spiders/../Other%20Arachnids/Desert%20Harvestman.htm,,
,"Female. Mountain Center, Riverside County, CA. 4/1/2000. © Lenny Vincent.",,,http://mamba.bio.uci.edu/~pjbryant/biodiv/spiders/../Other%20Arachnids/Desert%20Harvestman.htm,,
"IMG_7802.jpg,IMG_1324.jpg,ae_2538.jpg",Back toBack to,,,http://mamba.bio.uci.edu/~pjbryant/biodiv/spiders/../Other%20Arachnids/Desert%20Harvestman.htm,Ghost Spider,
"Anyphaenidae/IMG_3618.jpg,Anyphaenidae/IMG_3623.jpg,Anyphaenidae/IMG_3620.jpg,Anyphaenidae/IMG_4251.jpg,Anyphaenidae/IMG_3619.jpg",Back to Back to,,,http://mamba.bio.uci.edu/~pjbryant/biodiv/spiders/../Other%20Arachnids/Desert%20Harvestman.htm,Ghost Spider,
"Anyphaena1.jpg,Anyphaena2.jpg,Anyphaena3.jpg,DSCF0002bc.jpg,DSCF0005bbb.jpg,DSCF0005bb.jpg,DSCF0016bb.jpg,DSCF0023bb.jpg,DSCF0024b.jpg,DSCF0036bbb.jpg,DSCF0037b.jpg,DSCF0042b.jpg,DSCF0069b.jpg,DSCF0074b.jpg,DSCF0078b.jpg,DSCF0012b.jpg,DSCF0021bb.jpg,DSCF0018bb.jpg,DSCF0021b.jpg,Anyphaenidae/Anyphaena%20californica/IMG_4994b.jpg,Anyphaenidae/Anyphaena%20californica/IMG_4998b.jpg,Anyphaenidae/Anyphaena%20californica/IMG_4997b.jpg,Anyphaenidae/Anyphaena%20californica/IMG_0165b.jpg",Back to Back to,,,http://mamba.bio.uci.edu/~pjbryant/biodiv/spiders/../Other%20Arachnids/Desert%20Harvestman.htm,Ghost Spider,
"IMG_7199.jpg,IMG_7196.jpg,IMG_7198.jpg,IMG_2299.jpg,IMG_2302.jpg,IMG_3723.jpg,IMG_3719.jpg,IMG_3721.jpg",Back toBack to,,,http://mamba.bio.uci.edu/~pjbryant/biodiv/spiders/../Other%20Arachnids/Desert%20Harvestman.htm,Barn Funnel Weaver Spider,
ad_8880b.jpg,Back toBack to,,,http://mamba.bio.uci.edu/~pjbryant/biodiv/spiders/../Other%20Arachnids/Desert%20Harvestman.htm,Funnel Weaver Spider,
"IMG_1313.jpg,Metaltella simoni/DSCF0049b.jpg,Metaltella simoni/DSCF0046b.jpg,IMG_1315.jpg,IMG_1310.jpg,DSC_0679b.jpg,DSC_0125b.jpg,DSC_0126b.jpg,DSC_0680b.jpg,DSC_0131b.jpg,DSC_0127b.jpg",,,,http://mamba.bio.uci.edu/~pjbryant/biodiv/spiders/../Other%20Arachnids/Desert%20Harvestman.htm,Amphinectid Spider,
"Hololena1.jpg,Hololena2.jpg","Caspers Park, San Juan Capistrano, Orange County, CA. 11/13/06",,,http://mamba.bio.uci.edu/~pjbryant/biodiv/spiders/../Other%20Arachnids/Desert%20Harvestman.htm,Funnel Weaver Spider,
